{"cameraMode":{"drawMode":0,"name":"Shaded","section":"Shading Mode"},"sceneLighting":true,"audioPlay":false,"sceneViewState":{"showFog":true,"showMaterialUpdate":false,"showSkybox":true,"showFlares":true,"showImageEffects":true,"showParticleSystems":true},"in2DMode":false,"pivot":{"x":306.8299865722656,"y":340.79998779296877,"z":-125.4000015258789},"rotation":{"x":0.08575063943862915,"y":0.18128660321235658,"z":-0.015869056805968286,"w":0.979556143283844},"size":22.0,"orthographic":false}