{"cameraMode":{"drawMode":0,"name":"Shaded","section":"Shading Mode"},"sceneLighting":true,"audioPlay":false,"sceneViewState":{"showFog":true,"showMaterialUpdate":false,"showSkybox":true,"showFlares":true,"showImageEffects":true,"showParticleSystems":true},"in2DMode":false,"pivot":{"x":282.6614990234375,"y":146.95472717285157,"z":332.5415344238281},"rotation":{"x":0.03283211216330528,"y":-0.9297204613685608,"z":0.3566771447658539,"w":0.0855766236782074},"size":22.0,"orthographic":false}