{"cameraMode":{"drawMode":0,"name":"Shaded","section":"Shading Mode"},"sceneLighting":true,"audioPlay":false,"sceneViewState":{"showFog":true,"showMaterialUpdate":false,"showSkybox":true,"showFlares":true,"showImageEffects":true,"showParticleSystems":true},"in2DMode":false,"pivot":{"x":520.03271484375,"y":42.960296630859378,"z":484.0611572265625},"rotation":{"x":-0.08622584491968155,"y":0.9115564227104187,"z":-0.31560567021369936,"w":-0.24904432892799378},"size":350.28997802734377,"orthographic":false}