{"cameraMode":{"drawMode":0,"name":"Shaded","section":"Shading Mode"},"sceneLighting":true,"audioPlay":false,"sceneViewState":{"showFog":true,"showMaterialUpdate":false,"showSkybox":true,"showFlares":true,"showImageEffects":true,"showParticleSystems":true},"in2DMode":false,"pivot":{"x":350.03961181640627,"y":129.87796020507813,"z":629.8829345703125},"rotation":{"x":-0.0033498855773359539,"y":-0.8740310668945313,"z":0.4858211278915405,"w":-0.006028533913195133},"size":310.86993408203127,"orthographic":false}