{"cameraMode":{"drawMode":0,"name":"Shaded","section":"Shading Mode"},"sceneLighting":true,"audioPlay":false,"sceneViewState":{"showFog":true,"showMaterialUpdate":false,"showSkybox":true,"showFlares":true,"showImageEffects":true,"showParticleSystems":true},"in2DMode":false,"pivot":{"x":422.3999938964844,"y":110.4000015258789,"z":312.3999938964844},"rotation":{"x":-0.09449753910303116,"y":0.18465770781040193,"z":-0.01784018985927105,"w":-0.9780866503715515},"size":72.661865234375,"orthographic":false}